category,ingredient
oils etc.,olive oil
oils etc.,veg buillion
oils etc.,tomato paste
oils etc.,balsamic vinegar
oils etc.,chicken bullion
oils etc.,neutral oil
oils etc.,red wine vinegar
oils etc.,sesame oil
oils etc.,dried anchovies
oils etc.,kelp
oils etc.,apple cider vinegar
oils etc.,soy sauce
oils etc.,maple syrup
oils etc.,mirin
oils etc.,white wine vinegar
spices,salt
spices,black pepper
spices,urfa chile flakes
spices,allspice
spices,cumin seeds
spices,zaatar
spices,cumin
spices,chili flakes
spices,chili powder
spices,tumeric
spices,coriander
spices,sweet paprika
spices,smoked paprika
spices,bay leaves
spices,caraway seeds
spices,gochugaru
spices,gochujang
spices,cinnamon
spices,dried chilies
spices,allspice berries
spices,pickled ginger
spices,curry powder
spices,sichuan peppercorns
spices,chili bean sauce
spices,salted fermented black beans
spices,bouillon cubes
grains,bulgur
grains,basmati rice
grains,shortrain rice
baking,sugar
baking,brown sugar
baking,cornstarch
baking,flour
baking,baking powder
baking,vanilla
baking,baking soda
dairy,parmesan
